City/Municipality,Province/Metropolitan Area
Caloocan,Metro Manila
Las Piñas,Metro Manila
Makati,Metro Manila
Malabon,Metro Manila
Mandaluyong,Metro Manila
Manila,Metro Manila
Marikina,Metro Manila
Muntinlupa,Metro Manila
Navotas,Metro Manila
Parañaque,Metro Manila
Pasay,Metro Manila
Pasig,Metro Manila
Pateros,Metro Manila
Quezon City,Metro Manila
San Juan,Metro Manila
Taguig,Metro Manila
Valenzuela,Metro Manila
Angat,Bulacan
Balagtas,Bulacan
Bocaue,Bulacan
Bulacan,Bulacan
Bustos,Bulacan
Calumpit,Bulacan
Guiguinto,Bulacan
Hagonoy,Bulacan
Malolos,Bulacan
Marilao,Bulacan
Meycauayan,Bulacan
Norzagaray,Bulacan
Obando,Bulacan
Pandi,Bulacan
Paombong,Bulacan
Plaridel,Bulacan
Pulilan,Bulacan
San Ildefonso,Bulacan
San Jose Del Monte,Bulacan
San Miguel,Bulacan
San Rafael,Bulacan
Santa Maria,Bulacan
Candaba,Pampanga
Batangas,Batangas
San Pascual,Batangas
Santo Tomas,Batangas
Alfonso,Cavite
Amadeo,Cavite
Bacoor,Cavite
Carmona,Cavite
Cavite,Cavite
Dasmariñas,Cavite
General Emilio Aguinaldo,Cavite
General Mariano Alvarez,Cavite
General Trias,Cavite
Imus,Cavite
Indang,Cavite
Kawit,Cavite
Magallanes,Cavite
Maragondon,Cavite
Mendez,Cavite
Naic,Cavite
Noveleta,Cavite
Rosario,Cavite
Silang,Cavite
Tagaytay,Cavite
Tanza,Cavite
Ternate,Cavite
Trece Martires,Cavite
Alaminos,Laguna
Bay,Laguna
Biñan,Laguna
Cabuyao,Laguna
Calamba,Laguna
Calauan,Laguna
Liliw,Laguna
Los Baños,Laguna
Luisiana,Laguna
Magdalena,Laguna
Majayjay,Laguna
Nagcarlan,Laguna
Pila,Laguna
Rizal,Laguna
San Pablo,Laguna
San Pedro,Laguna
Santa Cruz,Laguna
Santa Rosa,Laguna
Victoria,Laguna
Candelaria,Quezon
Dolores,Quezon
Lucban,Quezon
Lucena,Quezon
Mauban,Quezon
Pagbilao,Quezon
Sampaloc,Quezon
San Antonio,Quezon
Sariaya,Quezon
Tayabas,Quezon
Tiaong,Quezon
Angono,Rizal
Antipolo,Rizal
Baras,Rizal
Binangonan,Rizal
Cainta,Rizal
Cardona,Rizal
Jalajala,Rizal
Morong,Rizal
Pililla,Rizal
Rodriguez,Rizal
San Mateo,Rizal
Tanay,Rizal
Taytay,Rizal
Teresa,Rizal
