Caloocan,
Las Piñas,
Makati,
Malabon,
Mandaluyong,
Manila,
Marikina,
Muntinlupa,
Navotas,
Parañaque,
Pasay,
Pasig,
Pateros,
Quezon City,
San Juan,
Taguig,
Valenzuela,
Angat,
Balagtas,
Bocaue,
Bulacan,
Bustos,
Calumpit,
Guiguinto,
Hagonoy,
Malolos,
Marilao,
Meycauayan,
Norzagaray,
Obando,
Pandi,
Paombong,
Plaridel,
Pulilan,
San Ildefonso,
San Jose Del Monte,
San Miguel,
San Rafael,
Santa Maria,
Candaba,
Batangas,
San Pascual,
Santo Tomas,
Alfonso,
Amadeo,
Bacoor,
Carmona,
Cavite,
Dasmariñas,
General Emilio Aguinaldo,
General Mariano Alvarez,
General Trias,
Imus,
Indang,
Kawit,
Magallanes,
Maragondon,
Mendez,
Naic,
Noveleta,
Rosario,
Silang,
Tagaytay,
Tanza,
Ternate,
Trece Martires,
Alaminos,
Bay,
Biñan,
Cabuyao,
Calamba,
Calauan,
Liliw,
Los Baños,
Luisiana,
Magdalena,
Majayjay,
Nagcarlan,
Pila,
Rizal,
San Pablo,
San Pedro,
Santa Cruz,
Santa Rosa,
Victoria,
Candelaria,
Dolores,
Lucban,
Lucena,
Mauban,
Pagbilao,
Sampaloc,
San Antonio,
Sariaya,
Tayabas,
Tiaong,
Angono,
Antipolo,
Baras,
Binangonan,
Cainta,
Cardona,
Jalajala,
Morong,
Pililla,
Rodriguez,
San Mateo,
Tanay,
Taytay,
Teresa